Sale_Year,Small_Area,Type,Median_Price,Transaction_Count
2000,Carlton,House/Townhouse,316250.00,116
2000,Carlton,Residential Apartment,220000.00,309
2000,Docklands,Residential Apartment,487300.00,556
2000,East Melbourne,House/Townhouse,622500.00,42
2000,East Melbourne,Residential Apartment,295000.00,139
2000,Kensington,House/Townhouse,215250.00,258
2000,Kensington,Residential Apartment,232500.00,46
2000,Melbourne (CBD),House/Townhouse,,3
2000,Melbourne (CBD),Residential Apartment,276000.00,1065
2000,Melbourne (Remainder),Residential Apartment,284500.00,57
2000,North Melbourne,House/Townhouse,280000.00,115
2000,North Melbourne,Residential Apartment,172500.00,196
2000,Parkville,House/Townhouse,516000.00,42
2000,Parkville,Residential Apartment,231300.00,168
2000,South Yarra,House/Townhouse,767500.00,39
2000,South Yarra,Residential Apartment,210000.00,157
2000,Southbank,Residential Apartment,370500.00,901
2000,West Melbourne (Residential),House/Townhouse,322000.00,34
2000,West Melbourne (Residential),Residential Apartment,240300.00,66
2001,Carlton,House/Townhouse,381000.00,113
2001,Carlton,Residential Apartment,273000.00,366
2001,Docklands,Residential Apartment,525375.00,766
2001,East Melbourne,House/Townhouse,790000.00,42
2001,East Melbourne,Residential Apartment,320000.00,204
2001,Kensington,House/Townhouse,282750.00,315
2001,Kensington,Residential Apartment,270000.00,211
2001,Melbourne (CBD),House/Townhouse,,4
2001,Melbourne (CBD),Residential Apartment,307500.00,2293
2001,Melbourne (Remainder),Residential Apartment,355000.00,63
2001,North Melbourne,House/Townhouse,325500.00,169
2001,North Melbourne,Residential Apartment,270000.00,271
2001,Parkville,House/Townhouse,354000.00,36
2001,Parkville,Residential Apartment,256000.00,99
2001,South Yarra,House/Townhouse,800000.00,46
2001,South Yarra,Residential Apartment,245750.00,187
2001,Southbank,Residential Apartment,395000.00,1184
2001,West Melbourne (Residential),House/Townhouse,323000.00,50
2001,West Melbourne (Residential),Residential Apartment,292500.00,145
2001,NA,House/Townhouse,,4
2002,Carlton,House/Townhouse,420000.00,108
2002,Carlton,Residential Apartment,349250.00,297
2002,Docklands,Residential Apartment,502000.00,755
2002,East Melbourne,House/Townhouse,925000.00,50
2002,East Melbourne,Residential Apartment,399000.00,490
2002,Kensington,House/Townhouse,342050.00,197
2002,Kensington,Residential Apartment,285000.00,121
2002,Melbourne (CBD),House/Townhouse,,4
2002,Melbourne (CBD),Residential Apartment,299500.00,1473
2002,Melbourne (Remainder),Residential Apartment,367562.00,44
2002,North Melbourne,House/Townhouse,351000.00,148
2002,North Melbourne,Residential Apartment,307500.00,224
2002,Parkville,House/Townhouse,693750.00,31
2002,Parkville,Residential Apartment,247000.00,88
2002,South Yarra,House/Townhouse,870000.00,43
2002,South Yarra,Residential Apartment,330000.00,197
2002,Southbank,Residential Apartment,460500.00,1095
2002,West Melbourne (Residential),House/Townhouse,422000.00,69
2002,West Melbourne (Residential),Residential Apartment,335000.00,104
2003,Carlton,House/Townhouse,477750.00,101
2003,Carlton,Residential Apartment,296500.00,225
2003,Docklands,Residential Apartment,1.00,849
2003,East Melbourne,House/Townhouse,623975.00,28
2003,East Melbourne,Residential Apartment,410000.00,185
2003,Kensington,House/Townhouse,358500.00,208
2003,Kensington,Residential Apartment,0.00,288
2003,Melbourne (CBD),House/Townhouse,0.00,27
2003,Melbourne (CBD),Residential Apartment,298200.00,1367
2003,Melbourne (Remainder),Residential Apartment,355000.00,39
2003,North Melbourne,House/Townhouse,395000.00,125
2003,North Melbourne,Residential Apartment,298000.00,234
2003,Parkville,House/Townhouse,713500.00,32
2003,Parkville,Residential Apartment,282500.00,75
2003,South Yarra,House/Townhouse,800000.00,37
2003,South Yarra,Residential Apartment,267500.00,158
2003,Southbank,Residential Apartment,393000.00,491
2003,West Melbourne (Residential),House/Townhouse,375000.00,72
2003,West Melbourne (Residential),Residential Apartment,395000.00,181
2004,Carlton,House/Townhouse,410000.00,79
2004,Carlton,Residential Apartment,315000.00,201
2004,Docklands,Residential Apartment,445000.00,252
2004,East Melbourne,House/Townhouse,745000.00,53
2004,East Melbourne,Residential Apartment,330000.00,166
2004,Kensington,House/Townhouse,355000.00,194
2004,Kensington,Residential Apartment,295500.00,118
2004,Melbourne (CBD),House/Townhouse,,2
2004,Melbourne (CBD),Residential Apartment,317775.00,923
2004,Melbourne (Remainder),Residential Apartment,405000.00,67
2004,North Melbourne,House/Townhouse,370000.00,110
2004,North Melbourne,Residential Apartment,310000.00,200
2004,Parkville,House/Townhouse,795000.00,56
2004,Parkville,Residential Apartment,280000.00,45
2004,South Yarra,House/Townhouse,1170000.00,41
2004,South Yarra,Residential Apartment,305000.00,126
2004,Southbank,Residential Apartment,345000.00,445
2004,West Melbourne (Residential),House/Townhouse,375000.00,37
2004,West Melbourne (Residential),Residential Apartment,350000.00,74
2005,Carlton,House/Townhouse,440000.00,87
2005,Carlton,Residential Apartment,300000.00,170
2005,Docklands,Residential Apartment,480000.00,250
2005,East Melbourne,House/Townhouse,785000.00,52
2005,East Melbourne,Residential Apartment,337500.00,172
2005,Kensington,House/Townhouse,400000.00,152
2005,Kensington,Residential Apartment,300750.00,96
2005,Melbourne (CBD),House/Townhouse,,2
2005,Melbourne (CBD),Residential Apartment,317500.00,1119
2005,Melbourne (Remainder),Residential Apartment,361000.00,71
2005,North Melbourne,House/Townhouse,445000.00,156
2005,North Melbourne,Residential Apartment,266000.00,164
2005,Parkville,House/Townhouse,845000.00,66
2005,Parkville,Residential Apartment,295000.00,71
2005,South Yarra,House/Townhouse,870000.00,43
2005,South Yarra,Residential Apartment,294444.00,139
2005,Southbank,Residential Apartment,370000.00,535
2005,West Melbourne (Residential),House/Townhouse,422500.00,42
2005,West Melbourne (Residential),Residential Apartment,365000.00,73
2006,Carlton,House/Townhouse,445000.00,101
2006,Carlton,Residential Apartment,332500.00,208
2006,Docklands,Residential Apartment,535450.00,427
2006,East Melbourne,House/Townhouse,1150000.00,59
2006,East Melbourne,Residential Apartment,354000.00,178
2006,Kensington,House/Townhouse,421000.00,143
2006,Kensington,Residential Apartment,296250.00,92
2006,Melbourne (CBD),House/Townhouse,,2
2006,Melbourne (CBD),Residential Apartment,332000.00,1199
2006,Melbourne (Remainder),Residential Apartment,455000.00,83
2006,North Melbourne,House/Townhouse,463500.00,138
2006,North Melbourne,Residential Apartment,295000.00,158
2006,Parkville,House/Townhouse,812500.00,68
2006,Parkville,Residential Apartment,307775.00,60
2006,South Yarra,House/Townhouse,1081500.00,56
2006,South Yarra,Residential Apartment,364000.00,134
2006,Southbank,Residential Apartment,422000.00,817
2006,West Melbourne (Residential),House/Townhouse,530000.00,33
2006,West Melbourne (Residential),Residential Apartment,380000.00,81
2007,Carlton,House/Townhouse,632500.00,108
2007,Carlton,Residential Apartment,395000.00,291
2007,Docklands,House/Townhouse,1532000.00,32
2007,Docklands,Residential Apartment,565000.00,653
2007,East Melbourne,House/Townhouse,1562500.00,64
2007,East Melbourne,Residential Apartment,420000.00,327
2007,Kensington,House/Townhouse,502000.00,191
2007,Kensington,Residential Apartment,349000.00,157
2007,Melbourne (CBD),House/Townhouse,,4
2007,Melbourne (CBD),Residential Apartment,350000.00,1725
2007,Melbourne (Remainder),Residential Apartment,500000.00,153
2007,North Melbourne,House/Townhouse,565000.00,159
2007,North Melbourne,Residential Apartment,335000.00,285
2007,Parkville,House/Townhouse,752500.00,132
2007,Parkville,Residential Apartment,375000.00,91
2007,South Yarra,House/Townhouse,1510000.00,37
2007,South Yarra,Residential Apartment,482500.00,170
2007,Southbank,House/Townhouse,,3
2007,Southbank,Residential Apartment,439000.00,1376
2007,West Melbourne (Residential),House/Townhouse,646000.00,48
2007,West Melbourne (Residential),Residential Apartment,435000.00,171
2008,Carlton,House/Townhouse,490000.00,72
2008,Carlton,Residential Apartment,355000.00,211
2008,Docklands,House/Townhouse,3260600.00,20
2008,Docklands,Residential Apartment,502000.00,654
2008,East Melbourne,House/Townhouse,1868397.50,30
2008,East Melbourne,Residential Apartment,402500.00,178
2008,Kensington,House/Townhouse,493000.00,213
2008,Kensington,Residential Apartment,362500.00,169
2008,Melbourne (CBD),House/Townhouse,,5
2008,Melbourne (CBD),Residential Apartment,378000.00,1879
2008,Melbourne (Remainder),Residential Apartment,492500.00,124
2008,North Melbourne,House/Townhouse,537500.00,134
2008,North Melbourne,Residential Apartment,373950.00,253
2008,Parkville,House/Townhouse,590000.00,68
2008,Parkville,Residential Apartment,385500.00,62
2008,South Yarra,House/Townhouse,1917500.00,30
2008,South Yarra,Residential Apartment,485850.00,118
2008,Southbank,Residential Apartment,470000.00,1031
2008,West Melbourne (Residential),House/Townhouse,580000.00,27
2008,West Melbourne (Residential),Residential Apartment,449000.00,181
2009,Carlton,House/Townhouse,607500.00,66
2009,Carlton,Residential Apartment,460000.00,255
2009,Docklands,House/Townhouse,,3
2009,Docklands,Residential Apartment,541000.00,779
2009,East Melbourne,House/Townhouse,1750000.00,56
2009,East Melbourne,Residential Apartment,537500.00,253
2009,Kensington,House/Townhouse,550000.00,221
2009,Kensington,Residential Apartment,378000.00,239
2009,Melbourne (CBD),House/Townhouse,,2
2009,Melbourne (CBD),Residential Apartment,395000.00,1863
2009,Melbourne (Remainder),Residential Apartment,580000.00,139
2009,North Melbourne,House/Townhouse,337000.00,179
2009,North Melbourne,Residential Apartment,415000.00,392
2009,Parkville,House/Townhouse,675000.00,53
2009,Parkville,Residential Apartment,400000.00,79
2009,South Yarra,House/Townhouse,1750000.00,39
2009,South Yarra,Residential Apartment,485000.00,153
2009,Southbank,House/Townhouse,886000.00,19
2009,Southbank,Residential Apartment,518800.00,1121
2009,West Melbourne (Residential),House/Townhouse,727750.00,23
2009,West Melbourne (Residential),Residential Apartment,460000.00,108
2010,Carlton,House/Townhouse,865000.00,80
2010,Carlton,Residential Apartment,430000.00,274
2010,Docklands,House/Townhouse,1450000.00,57
2010,Docklands,Residential Apartment,610000.00,851
2010,East Melbourne,House/Townhouse,1575000.00,39
2010,East Melbourne,Residential Apartment,605000.00,190
2010,Kensington,House/Townhouse,640500.00,218
2010,Kensington,Residential Apartment,446000.00,210
2010,Melbourne (CBD),House/Townhouse,,4
2010,Melbourne (CBD),Residential Apartment,457000.00,3766
2010,Melbourne (Remainder),Residential Apartment,588000.00,68
2010,North Melbourne,House/Townhouse,720000.00,123
2010,North Melbourne,Residential Apartment,430750.00,224
2010,Parkville,House/Townhouse,1012500.00,32
2010,Parkville,Residential Apartment,516000.00,215
2010,South Yarra,House/Townhouse,1890750.00,34
2010,South Yarra,Residential Apartment,480000.00,115
2010,Southbank,House/Townhouse,14300000.00,33
2010,Southbank,Residential Apartment,575000.00,2109
2010,West Melbourne (Residential),House/Townhouse,694000.00,50
2010,West Melbourne (Residential),Residential Apartment,502500.00,164
2011,Carlton,House/Townhouse,845000.00,61
2011,Carlton,Residential Apartment,520000.00,625
2011,Docklands,House/Townhouse,2302000.00,17
2011,Docklands,Residential Apartment,604450.00,772
2011,East Melbourne,House/Townhouse,1352500.00,30
2011,East Melbourne,Residential Apartment,480000.00,139
2011,Kensington,House/Townhouse,620500.00,216
2011,Kensington,Residential Apartment,420000.00,158
2011,Melbourne (CBD),House/Townhouse,,3
2011,Melbourne (CBD),Residential Apartment,464000.00,2437
2011,Melbourne (Remainder),Residential Apartment,631250.00,68
2011,North Melbourne,House/Townhouse,724750.00,110
2011,North Melbourne,Residential Apartment,438000.00,208
2011,Parkville,House/Townhouse,975000.00,34
2011,Parkville,Residential Apartment,497000.00,127
2011,South Yarra,House/Townhouse,932500.00,32
2011,South Yarra,Residential Apartment,535000.00,90
2011,Southbank,House/Townhouse,,1
2011,Southbank,Residential Apartment,580000.00,1342
2011,West Melbourne (Residential),House/Townhouse,1032500.00,27
2011,West Melbourne (Residential),Residential Apartment,481000.00,301
2012,Carlton,House/Townhouse,726000.00,70
2012,Carlton,Residential Apartment,460000.00,661
2012,Docklands,House/Townhouse,1900000.00,12
2012,Docklands,Residential Apartment,580000.00,590
2012,East Melbourne,House/Townhouse,1600000.00,35
2012,East Melbourne,Residential Apartment,524000.00,148
2012,Kensington,House/Townhouse,609500.00,194
2012,Kensington,Residential Apartment,410000.00,117
2012,Melbourne (CBD),House/Townhouse,,2
2012,Melbourne (CBD),Residential Apartment,478000.00,2208
2012,Melbourne (Remainder),Residential Apartment,575000.00,76
2012,North Melbourne,House/Townhouse,700000.00,121
2012,North Melbourne,Residential Apartment,431500.00,226
2012,Parkville,House/Townhouse,1180000.00,25
2012,Parkville,Residential Apartment,487000.00,97
2012,South Yarra,House/Townhouse,1650000.00,30
2012,South Yarra,Residential Apartment,530000.00,113
2012,Southbank,Residential Apartment,540000.00,1185
2012,West Melbourne (Residential),House/Townhouse,607500.00,42
2012,West Melbourne (Residential),Residential Apartment,419000.00,319
2013,Carlton,House/Townhouse,870000.00,82
2013,Carlton,Residential Apartment,460500.00,534
2013,Docklands,House/Townhouse,,4
2013,Docklands,Residential Apartment,619500.00,800
2013,East Melbourne,House/Townhouse,1850000.00,49
2013,East Melbourne,Residential Apartment,680000.00,201
2013,Kensington,House/Townhouse,663370.00,211
2013,Kensington,Residential Apartment,416500.00,110
2013,Melbourne (CBD),House/Townhouse,,8
2013,Melbourne (CBD),Residential Apartment,495000.00,2915
2013,Melbourne (Remainder),Residential Apartment,730000.00,252
2013,North Melbourne,House/Townhouse,681000.00,143
2013,North Melbourne,Residential Apartment,487500.00,619
2013,Parkville,House/Townhouse,1012000.00,33
2013,Parkville,Residential Apartment,0.00,353
2013,South Yarra,House/Townhouse,1735000.00,24
2013,South Yarra,Residential Apartment,586000.00,113
2013,Southbank,House/Townhouse,,3
2013,Southbank,Residential Apartment,578000.00,1462
2013,West Melbourne (Residential),House/Townhouse,933000.00,35
2013,West Melbourne (Residential),Residential Apartment,441250.00,252
2014,Carlton,House/Townhouse,876000.00,68
2014,Carlton,Residential Apartment,501500.00,533
2014,Docklands,House/Townhouse,895000.00,12
2014,Docklands,Residential Apartment,580000.00,1098
2014,East Melbourne,House/Townhouse,1900000.00,53
2014,East Melbourne,Residential Apartment,603500.00,178
2014,Kensington,House/Townhouse,662000.00,187
2014,Kensington,Residential Apartment,415000.00,136
2014,Melbourne (CBD),House/Townhouse,,4
2014,Melbourne (CBD),Residential Apartment,522250.00,2857
2014,Melbourne (Remainder),Residential Apartment,725000.00,165
2014,North Melbourne,House/Townhouse,800000.00,92
2014,North Melbourne,Residential Apartment,520000.00,619
2014,Parkville,House/Townhouse,0.00,86
2014,Parkville,Residential Apartment,0.00,162
2014,South Yarra,House/Townhouse,2605000.00,36
2014,South Yarra,Residential Apartment,651000.00,153
2014,Southbank,House/Townhouse,,2
2014,Southbank,Residential Apartment,530000.00,995
2014,West Melbourne (Residential),House/Townhouse,850000.00,27
2014,West Melbourne (Residential),Residential Apartment,460000.00,380
2014,NA,House/Townhouse,,10
2014,NA,Residential Apartment,501000.00,83
2015,Carlton,House/Townhouse,952500.00,86
2015,Carlton,Residential Apartment,432500.00,277
2015,Docklands,House/Townhouse,1880000.00,11
2015,Docklands,Residential Apartment,576500.00,608
2015,East Melbourne,House/Townhouse,1825000.00,37
2015,East Melbourne,Residential Apartment,677500.00,152
2015,Kensington,House/Townhouse,770000.00,176
2015,Kensington,Residential Apartment,435000.00,115
2015,Melbourne (CBD),House/Townhouse,,1
2015,Melbourne (CBD),Residential Apartment,479000.00,1559
2015,Melbourne (Remainder),Residential Apartment,575500.00,64
2015,North Melbourne,House/Townhouse,900000.00,107
2015,North Melbourne,Residential Apartment,502750.00,294
2015,Parkville,House/Townhouse,1238000.00,39
2015,Parkville,Residential Apartment,478750.00,64
2015,South Yarra,House/Townhouse,2100000.00,33
2015,South Yarra,Residential Apartment,545000.00,129
2015,Southbank,House/Townhouse,,3
2015,Southbank,Residential Apartment,540000.00,799
2015,West Melbourne (Residential),House/Townhouse,912500.00,33
2015,West Melbourne (Residential),Residential Apartment,540300.00,163
2015,NA,House/Townhouse,1825000.00,11
2015,NA,Residential Apartment,508000.00,24
2016,Carlton,House/Townhouse,1110000.00,57
2016,Carlton,Residential Apartment,508000.00,162
2016,Docklands,House/Townhouse,,5
2016,Docklands,Residential Apartment,591000.00,371
2016,East Melbourne,House/Townhouse,1940000.00,35
2016,East Melbourne,Residential Apartment,650000.00,129
2016,Kensington,House/Townhouse,818750.00,172
2016,Kensington,Residential Apartment,430000.00,128
2016,Melbourne (CBD),House/Townhouse,,2
2016,Melbourne (CBD),Residential Apartment,435000.00,1264
2016,Melbourne (Remainder),Residential Apartment,582500.00,80
2016,North Melbourne,House/Townhouse,861000.00,87
2016,North Melbourne,Residential Apartment,515000.00,231
2016,Parkville,House/Townhouse,1761250.00,32
2016,Parkville,Residential Apartment,500000.00,63
2016,South Yarra,House/Townhouse,2135000.00,34
2016,South Yarra,Residential Apartment,555000.00,88
2016,Southbank,Residential Apartment,565000.00,701
2016,West Melbourne (Residential),House/Townhouse,900000.00,26
2016,West Melbourne (Residential),Residential Apartment,475000.00,115
2016,NA,House/Townhouse,,4
2016,NA,Residential Apartment,,1
